Total Nacional	Comunidades y Ciudades Autónomas	Provincias	Sexo	Periodo	Total
Total Nacional			Total	2024	48.619.695
Total Nacional			Total	2023	48.085.361
Total Nacional			Total	2022	47.486.727
Total Nacional			Total	2021	47.400.798
Total Nacional			Hombres	2024	23.826.871
Total Nacional			Hombres	2023	23.565.593
Total Nacional			Hombres	2022	23.288.747
Total Nacional			Hombres	2021	23.248.611
Total Nacional			Mujeres	2024	24.792.824
Total Nacional			Mujeres	2023	24.519.768
Total Nacional			Mujeres	2022	24.197.980
Total Nacional			Mujeres	2021	24.152.187
Total Nacional	01 Andalucía		Total	2024	8.631.862
Total Nacional	01 Andalucía		Total	2023	8.584.147
Total Nacional	01 Andalucía		Total	2022	8.511.167
Total Nacional	01 Andalucía		Total	2021	8.484.804
Total Nacional	01 Andalucía		Hombres	2024	4.249.355
Total Nacional	01 Andalucía		Hombres	2023	4.229.831
Total Nacional	01 Andalucía		Hombres	2022	4.196.620
Total Nacional	01 Andalucía		Hombres	2021	4.182.620
Total Nacional	01 Andalucía		Mujeres	2024	4.382.507
Total Nacional	01 Andalucía		Mujeres	2023	4.354.316
Total Nacional	01 Andalucía		Mujeres	2022	4.314.547
Total Nacional	01 Andalucía		Mujeres	2021	4.302.184
Total Nacional	01 Andalucía	04 Almería	Total	2024	760.964
Total Nacional	01 Andalucía	04 Almería	Total	2023	753.364
Total Nacional	01 Andalucía	04 Almería	Total	2022	739.541
Total Nacional	01 Andalucía	04 Almería	Total	2021	730.430
Total Nacional	01 Andalucía	04 Almería	Hombres	2024	389.103
Total Nacional	01 Andalucía	04 Almería	Hombres	2023	385.696
Total Nacional	01 Andalucía	04 Almería	Hombres	2022	378.325
Total Nacional	01 Andalucía	04 Almería	Hombres	2021	372.823
Total Nacional	01 Andalucía	04 Almería	Mujeres	2024	371.861
Total Nacional	01 Andalucía	04 Almería	Mujeres	2023	367.668
Total Nacional	01 Andalucía	04 Almería	Mujeres	2022	361.216
Total Nacional	01 Andalucía	04 Almería	Mujeres	2021	357.607
Total Nacional	01 Andalucía	11 Cádiz	Total	2024	1.258.730
Total Nacional	01 Andalucía	11 Cádiz	Total	2023	1.254.866
Total Nacional	01 Andalucía	11 Cádiz	Total	2022	1.250.545
Total Nacional	01 Andalucía	11 Cádiz	Total	2021	1.249.873
Total Nacional	01 Andalucía	11 Cádiz	Hombres	2024	619.543
Total Nacional	01 Andalucía	11 Cádiz	Hombres	2023	618.291
Total Nacional	01 Andalucía	11 Cádiz	Hombres	2022	616.647
Total Nacional	01 Andalucía	11 Cádiz	Hombres	2021	616.595
Total Nacional	01 Andalucía	11 Cádiz	Mujeres	2024	639.187
Total Nacional	01 Andalucía	11 Cádiz	Mujeres	2023	636.575
Total Nacional	01 Andalucía	11 Cádiz	Mujeres	2022	633.898
Total Nacional	01 Andalucía	11 Cádiz	Mujeres	2021	633.278
Total Nacional	01 Andalucía	14 Córdoba	Total	2024	774.313
Total Nacional	01 Andalucía	14 Córdoba	Total	2023	775.002
Total Nacional	01 Andalucía	14 Córdoba	Total	2022	775.110
Total Nacional	01 Andalucía	14 Córdoba	Total	2021	777.622
Total Nacional	01 Andalucía	14 Córdoba	Hombres	2024	378.655
Total Nacional	01 Andalucía	14 Córdoba	Hombres	2023	379.239
Total Nacional	01 Andalucía	14 Córdoba	Hombres	2022	379.567
Total Nacional	01 Andalucía	14 Córdoba	Hombres	2021	380.859
Total Nacional	01 Andalucía	14 Córdoba	Mujeres	2024	395.658
Total Nacional	01 Andalucía	14 Córdoba	Mujeres	2023	395.763
Total Nacional	01 Andalucía	14 Córdoba	Mujeres	2022	395.543
Total Nacional	01 Andalucía	14 Córdoba	Mujeres	2021	396.763
Total Nacional	01 Andalucía	18 Granada	Total	2024	939.741
Total Nacional	01 Andalucía	18 Granada	Total	2023	934.072
Total Nacional	01 Andalucía	18 Granada	Total	2022	926.019
Total Nacional	01 Andalucía	18 Granada	Total	2021	925.046
Total Nacional	01 Andalucía	18 Granada	Hombres	2024	462.515
Total Nacional	01 Andalucía	18 Granada	Hombres	2023	460.537
Total Nacional	01 Andalucía	18 Granada	Hombres	2022	456.834
Total Nacional	01 Andalucía	18 Granada	Hombres	2021	456.393
Total Nacional	01 Andalucía	18 Granada	Mujeres	2024	477.226
Total Nacional	01 Andalucía	18 Granada	Mujeres	2023	473.535
Total Nacional	01 Andalucía	18 Granada	Mujeres	2022	469.185
Total Nacional	01 Andalucía	18 Granada	Mujeres	2021	468.653
Total Nacional	01 Andalucía	21 Huelva	Total	2024	535.734
Total Nacional	01 Andalucía	21 Huelva	Total	2023	534.084
Total Nacional	01 Andalucía	21 Huelva	Total	2022	531.094
Total Nacional	01 Andalucía	21 Huelva	Total	2021	527.254
Total Nacional	01 Andalucía	21 Huelva	Hombres	2024	265.662
Total Nacional	01 Andalucía	21 Huelva	Hombres	2023	265.017
Total Nacional	01 Andalucía	21 Huelva	Hombres	2022	263.398
Total Nacional	01 Andalucía	21 Huelva	Hombres	2021	261.186
Total Nacional	01 Andalucía	21 Huelva	Mujeres	2024	270.072
Total Nacional	01 Andalucía	21 Huelva	Mujeres	2023	269.067
Total Nacional	01 Andalucía	21 Huelva	Mujeres	2022	267.696
Total Nacional	01 Andalucía	21 Huelva	Mujeres	2021	266.068
Total Nacional	01 Andalucía	23 Jaén	Total	2024	619.055
Total Nacional	01 Andalucía	23 Jaén	Total	2023	620.637
Total Nacional	01 Andalucía	23 Jaén	Total	2022	624.191
Total Nacional	01 Andalucía	23 Jaén	Total	2021	627.568
Total Nacional	01 Andalucía	23 Jaén	Hombres	2024	306.472
Total Nacional	01 Andalucía	23 Jaén	Hombres	2023	307.398
Total Nacional	01 Andalucía	23 Jaén	Hombres	2022	309.349
Total Nacional	01 Andalucía	23 Jaén	Hombres	2021	310.930
Total Nacional	01 Andalucía	23 Jaén	Mujeres	2024	312.583
Total Nacional	01 Andalucía	23 Jaén	Mujeres	2023	313.239
Total Nacional	01 Andalucía	23 Jaén	Mujeres	2022	314.842
Total Nacional	01 Andalucía	23 Jaén	Mujeres	2021	316.638
Total Nacional	01 Andalucía	29 Málaga	Total	2024	1.774.701
Total Nacional	01 Andalucía	29 Málaga	Total	2023	1.752.728
Total Nacional	01 Andalucía	29 Málaga	Total	2022	1.715.109
Total Nacional	01 Andalucía	29 Málaga	Total	2021	1.696.955
Total Nacional	01 Andalucía	29 Málaga	Hombres	2024	867.140
Total Nacional	01 Andalucía	29 Málaga	Hombres	2023	857.246
Total Nacional	01 Andalucía	29 Málaga	Hombres	2022	840.038
Total Nacional	01 Andalucía	29 Málaga	Hombres	2021	831.211
Total Nacional	01 Andalucía	29 Málaga	Mujeres	2024	907.561
Total Nacional	01 Andalucía	29 Málaga	Mujeres	2023	895.482
Total Nacional	01 Andalucía	29 Málaga	Mujeres	2022	875.071
Total Nacional	01 Andalucía	29 Málaga	Mujeres	2021	865.744
Total Nacional	01 Andalucía	41 Sevilla	Total	2024	1.968.624
Total Nacional	01 Andalucía	41 Sevilla	Total	2023	1.959.394
Total Nacional	01 Andalucía	41 Sevilla	Total	2022	1.949.558
Total Nacional	01 Andalucía	41 Sevilla	Total	2021	1.950.056
Total Nacional	01 Andalucía	41 Sevilla	Hombres	2024	960.265
Total Nacional	01 Andalucía	41 Sevilla	Hombres	2023	956.407
Total Nacional	01 Andalucía	41 Sevilla	Hombres	2022	952.462
Total Nacional	01 Andalucía	41 Sevilla	Hombres	2021	952.623
Total Nacional	01 Andalucía	41 Sevilla	Mujeres	2024	1.008.359
Total Nacional	01 Andalucía	41 Sevilla	Mujeres	2023	1.002.987
Total Nacional	01 Andalucía	41 Sevilla	Mujeres	2022	997.096
Total Nacional	01 Andalucía	41 Sevilla	Mujeres	2021	997.433
Total Nacional	02 Aragón		Total	2024	1.351.591
Total Nacional	02 Aragón		Total	2023	1.341.289
Total Nacional	02 Aragón		Total	2022	1.328.215
Total Nacional	02 Aragón		Total	2021	1.331.938
Total Nacional	02 Aragón		Hombres	2024	668.275
Total Nacional	02 Aragón		Hombres	2023	662.674
Total Nacional	02 Aragón		Hombres	2022	656.811
Total Nacional	02 Aragón		Hombres	2021	658.263
Total Nacional	02 Aragón		Mujeres	2024	683.316
Total Nacional	02 Aragón		Mujeres	2023	678.615
Total Nacional	02 Aragón		Mujeres	2022	671.404
Total Nacional	02 Aragón		Mujeres	2021	673.675
Total Nacional	02 Aragón	22 Huesca	Total	2024	228.519
Total Nacional	02 Aragón	22 Huesca	Total	2023	226.878
Total Nacional	02 Aragón	22 Huesca	Total	2022	225.199
Total Nacional	02 Aragón	22 Huesca	Total	2021	223.995
Total Nacional	02 Aragón	22 Huesca	Hombres	2024	115.992
Total Nacional	02 Aragón	22 Huesca	Hombres	2023	114.938
Total Nacional	02 Aragón	22 Huesca	Hombres	2022	114.288
Total Nacional	02 Aragón	22 Huesca	Hombres	2021	113.456
Total Nacional	02 Aragón	22 Huesca	Mujeres	2024	112.527
Total Nacional	02 Aragón	22 Huesca	Mujeres	2023	111.940
Total Nacional	02 Aragón	22 Huesca	Mujeres	2022	110.911
Total Nacional	02 Aragón	22 Huesca	Mujeres	2021	110.539
Total Nacional	02 Aragón	44 Teruel	Total	2024	135.309
Total Nacional	02 Aragón	44 Teruel	Total	2023	135.046
Total Nacional	02 Aragón	44 Teruel	Total	2022	134.132
Total Nacional	02 Aragón	44 Teruel	Total	2021	134.259
Total Nacional	02 Aragón	44 Teruel	Hombres	2024	68.621
Total Nacional	02 Aragón	44 Teruel	Hombres	2023	68.416
Total Nacional	02 Aragón	44 Teruel	Hombres	2022	68.120
Total Nacional	02 Aragón	44 Teruel	Hombres	2021	68.143
Total Nacional	02 Aragón	44 Teruel	Mujeres	2024	66.688
Total Nacional	02 Aragón	44 Teruel	Mujeres	2023	66.630
Total Nacional	02 Aragón	44 Teruel	Mujeres	2022	66.012
Total Nacional	02 Aragón	44 Teruel	Mujeres	2021	66.116
Total Nacional	02 Aragón	50 Zaragoza	Total	2024	987.763
Total Nacional	02 Aragón	50 Zaragoza	Total	2023	979.365
Total Nacional	02 Aragón	50 Zaragoza	Total	2022	968.884
Total Nacional	02 Aragón	50 Zaragoza	Total	2021	973.684
Total Nacional	02 Aragón	50 Zaragoza	Hombres	2024	483.662
Total Nacional	02 Aragón	50 Zaragoza	Hombres	2023	479.320
Total Nacional	02 Aragón	50 Zaragoza	Hombres	2022	474.403
Total Nacional	02 Aragón	50 Zaragoza	Hombres	2021	476.664
Total Nacional	02 Aragón	50 Zaragoza	Mujeres	2024	504.101
Total Nacional	02 Aragón	50 Zaragoza	Mujeres	2023	500.045
Total Nacional	02 Aragón	50 Zaragoza	Mujeres	2022	494.481
Total Nacional	02 Aragón	50 Zaragoza	Mujeres	2021	497.020
Total Nacional	03 Asturias, Principado de		Total	2024	1.009.599
Total Nacional	03 Asturias, Principado de		Total	2023	1.006.060
Total Nacional	03 Asturias, Principado de		Total	2022	1.004.960
Total Nacional	03 Asturias, Principado de		Total	2021	1.012.117
Total Nacional	03 Asturias, Principado de		Hombres	2024	481.478
Total Nacional	03 Asturias, Principado de		Hombres	2023	479.739
Total Nacional	03 Asturias, Principado de		Hombres	2022	479.658
Total Nacional	03 Asturias, Principado de		Hombres	2021	483.186
Total Nacional	03 Asturias, Principado de		Mujeres	2024	528.121
Total Nacional	03 Asturias, Principado de		Mujeres	2023	526.321
Total Nacional	03 Asturias, Principado de		Mujeres	2022	525.302
Total Nacional	03 Asturias, Principado de		Mujeres	2021	528.931
Total Nacional	03 Asturias, Principado de	33 Asturias	Total	2024	1.009.599
Total Nacional	03 Asturias, Principado de	33 Asturias	Total	2023	1.006.060
Total Nacional	03 Asturias, Principado de	33 Asturias	Total	2022	1.004.960
Total Nacional	03 Asturias, Principado de	33 Asturias	Total	2021	1.012.117
Total Nacional	03 Asturias, Principado de	33 Asturias	Hombres	2024	481.478
Total Nacional	03 Asturias, Principado de	33 Asturias	Hombres	2023	479.739
Total Nacional	03 Asturias, Principado de	33 Asturias	Hombres	2022	479.658
Total Nacional	03 Asturias, Principado de	33 Asturias	Hombres	2021	483.186
Total Nacional	03 Asturias, Principado de	33 Asturias	Mujeres	2024	528.121
Total Nacional	03 Asturias, Principado de	33 Asturias	Mujeres	2023	526.321
Total Nacional	03 Asturias, Principado de	33 Asturias	Mujeres	2022	525.302
Total Nacional	03 Asturias, Principado de	33 Asturias	Mujeres	2021	528.931
Total Nacional	04 Balears, Illes		Total	2024	1.231.768
Total Nacional	04 Balears, Illes		Total	2023	1.209.906
Total Nacional	04 Balears, Illes		Total	2022	1.187.043
Total Nacional	04 Balears, Illes		Total	2021	1.183.415
Total Nacional	04 Balears, Illes		Hombres	2024	613.910
Total Nacional	04 Balears, Illes		Hombres	2023	602.649
Total Nacional	04 Balears, Illes		Hombres	2022	592.100
Total Nacional	04 Balears, Illes		Hombres	2021	590.990
Total Nacional	04 Balears, Illes		Mujeres	2024	617.858
Total Nacional	04 Balears, Illes		Mujeres	2023	607.257
Total Nacional	04 Balears, Illes		Mujeres	2022	594.943
Total Nacional	04 Balears, Illes		Mujeres	2021	592.425
Total Nacional	04 Balears, Illes	07 Balears, Illes	Total	2024	1.231.768
Total Nacional	04 Balears, Illes	07 Balears, Illes	Total	2023	1.209.906
Total Nacional	04 Balears, Illes	07 Balears, Illes	Total	2022	1.187.043
Total Nacional	04 Balears, Illes	07 Balears, Illes	Total	2021	1.183.415
Total Nacional	04 Balears, Illes	07 Balears, Illes	Hombres	2024	613.910
Total Nacional	04 Balears, Illes	07 Balears, Illes	Hombres	2023	602.649
Total Nacional	04 Balears, Illes	07 Balears, Illes	Hombres	2022	592.100
Total Nacional	04 Balears, Illes	07 Balears, Illes	Hombres	2021	590.990
Total Nacional	04 Balears, Illes	07 Balears, Illes	Mujeres	2024	617.858
Total Nacional	04 Balears, Illes	07 Balears, Illes	Mujeres	2023	607.257
Total Nacional	04 Balears, Illes	07 Balears, Illes	Mujeres	2022	594.943
Total Nacional	04 Balears, Illes	07 Balears, Illes	Mujeres	2021	592.425
Total Nacional	05 Canarias		Total	2024	2.238.754
Total Nacional	05 Canarias		Total	2023	2.213.016
Total Nacional	05 Canarias		Total	2022	2.185.607
Total Nacional	05 Canarias		Total	2021	2.178.924
Total Nacional	05 Canarias		Hombres	2024	1.105.037
Total Nacional	05 Canarias		Hombres	2023	1.092.723
Total Nacional	05 Canarias		Hombres	2022	1.080.244
Total Nacional	05 Canarias		Hombres	2021	1.077.860
Total Nacional	05 Canarias		Mujeres	2024	1.133.717
Total Nacional	05 Canarias		Mujeres	2023	1.120.293
Total Nacional	05 Canarias		Mujeres	2022	1.105.363
Total Nacional	05 Canarias		Mujeres	2021	1.101.064
Total Nacional	05 Canarias	35 Palmas, Las	Total	2024	1.159.890
Total Nacional	05 Canarias	35 Palmas, Las	Total	2023	1.145.843
Total Nacional	05 Canarias	35 Palmas, Las	Total	2022	1.133.733
Total Nacional	05 Canarias	35 Palmas, Las	Total	2021	1.131.359
Total Nacional	05 Canarias	35 Palmas, Las	Hombres	2024	576.064
Total Nacional	05 Canarias	35 Palmas, Las	Hombres	2023	569.470
Total Nacional	05 Canarias	35 Palmas, Las	Hombres	2022	563.763
Total Nacional	05 Canarias	35 Palmas, Las	Hombres	2021	563.160
Total Nacional	05 Canarias	35 Palmas, Las	Mujeres	2024	583.826
Total Nacional	05 Canarias	35 Palmas, Las	Mujeres	2023	576.373
Total Nacional	05 Canarias	35 Palmas, Las	Mujeres	2022	569.970
Total Nacional	05 Canarias	35 Palmas, Las	Mujeres	2021	568.199
Total Nacional	05 Canarias	38 Santa Cruz de Tenerife	Total	2024	1.078.864
Total Nacional	05 Canarias	38 Santa Cruz de Tenerife	Total	2023	1.067.173
Total Nacional	05 Canarias	38 Santa Cruz de Tenerife	Total	2022	1.051.874
Total Nacional	05 Canarias	38 Santa Cruz de Tenerife	Total	2021	1.047.565
Total Nacional	05 Canarias	38 Santa Cruz de Tenerife	Hombres	2024	528.973
Total Nacional	05 Canarias	38 Santa Cruz de Tenerife	Hombres	2023	523.253
Total Nacional	05 Canarias	38 Santa Cruz de Tenerife	Hombres	2022	516.481
Total Nacional	05 Canarias	38 Santa Cruz de Tenerife	Hombres	2021	514.700
Total Nacional	05 Canarias	38 Santa Cruz de Tenerife	Mujeres	2024	549.891
Total Nacional	05 Canarias	38 Santa Cruz de Tenerife	Mujeres	2023	543.920
Total Nacional	05 Canarias	38 Santa Cruz de Tenerife	Mujeres	2022	535.393
Total Nacional	05 Canarias	38 Santa Cruz de Tenerife	Mujeres	2021	532.865
Total Nacional	06 Cantabria		Total	2024	590.851
Total Nacional	06 Cantabria		Total	2023	588.387
Total Nacional	06 Cantabria		Total	2022	585.450
Total Nacional	06 Cantabria		Total	2021	584.708
Total Nacional	06 Cantabria		Hombres	2024	286.322
Total Nacional	06 Cantabria		Hombres	2023	285.133
Total Nacional	06 Cantabria		Hombres	2022	284.061
Total Nacional	06 Cantabria		Hombres	2021	283.854
Total Nacional	06 Cantabria		Mujeres	2024	304.529
Total Nacional	06 Cantabria		Mujeres	2023	303.254
Total Nacional	06 Cantabria		Mujeres	2022	301.389
Total Nacional	06 Cantabria		Mujeres	2021	300.854
Total Nacional	06 Cantabria	39 Cantabria	Total	2024	590.851
Total Nacional	06 Cantabria	39 Cantabria	Total	2023	588.387
Total Nacional	06 Cantabria	39 Cantabria	Total	2022	585.450
Total Nacional	06 Cantabria	39 Cantabria	Total	2021	584.708
Total Nacional	06 Cantabria	39 Cantabria	Hombres	2024	286.322
Total Nacional	06 Cantabria	39 Cantabria	Hombres	2023	285.133
Total Nacional	06 Cantabria	39 Cantabria	Hombres	2022	284.061
Total Nacional	06 Cantabria	39 Cantabria	Hombres	2021	283.854
Total Nacional	06 Cantabria	39 Cantabria	Mujeres	2024	304.529
Total Nacional	06 Cantabria	39 Cantabria	Mujeres	2023	303.254
Total Nacional	06 Cantabria	39 Cantabria	Mujeres	2022	301.389
Total Nacional	06 Cantabria	39 Cantabria	Mujeres	2021	300.854
Total Nacional	07 Castilla y León		Total	2024	2.391.682
Total Nacional	07 Castilla y León		Total	2023	2.383.703
Total Nacional	07 Castilla y León		Total	2022	2.375.583
Total Nacional	07 Castilla y León		Total	2021	2.385.223
Total Nacional	07 Castilla y León		Hombres	2024	1.177.504
Total Nacional	07 Castilla y León		Hombres	2023	1.173.585
Total Nacional	07 Castilla y León		Hombres	2022	1.170.227
Total Nacional	07 Castilla y León		Hombres	2021	1.174.957
Total Nacional	07 Castilla y León		Mujeres	2024	1.214.178
Total Nacional	07 Castilla y León		Mujeres	2023	1.210.118
Total Nacional	07 Castilla y León		Mujeres	2022	1.205.356
Total Nacional	07 Castilla y León		Mujeres	2021	1.210.266
Total Nacional	07 Castilla y León	05 Ávila	Total	2024	160.463
Total Nacional	07 Castilla y León	05 Ávila	Total	2023	159.764
Total Nacional	07 Castilla y León	05 Ávila	Total	2022	159.102
Total Nacional	07 Castilla y León	05 Ávila	Total	2021	158.898
Total Nacional	07 Castilla y León	05 Ávila	Hombres	2024	80.595
Total Nacional	07 Castilla y León	05 Ávila	Hombres	2023	80.310
Total Nacional	07 Castilla y León	05 Ávila	Hombres	2022	80.060
Total Nacional	07 Castilla y León	05 Ávila	Hombres	2021	79.884
Total Nacional	07 Castilla y León	05 Ávila	Mujeres	2024	79.868
Total Nacional	07 Castilla y León	05 Ávila	Mujeres	2023	79.454
Total Nacional	07 Castilla y León	05 Ávila	Mujeres	2022	79.042
Total Nacional	07 Castilla y León	05 Ávila	Mujeres	2021	79.014
Total Nacional	07 Castilla y León	09 Burgos	Total	2024	359.740
Total Nacional	07 Castilla y León	09 Burgos	Total	2023	357.370
Total Nacional	07 Castilla y León	09 Burgos	Total	2022	354.846
Total Nacional	07 Castilla y León	09 Burgos	Total	2021	356.042
Total Nacional	07 Castilla y León	09 Burgos	Hombres	2024	179.824
Total Nacional	07 Castilla y León	09 Burgos	Hombres	2023	178.592
Total Nacional	07 Castilla y León	09 Burgos	Hombres	2022	177.509
Total Nacional	07 Castilla y León	09 Burgos	Hombres	2021	178.040
Total Nacional	07 Castilla y León	09 Burgos	Mujeres	2024	179.916
Total Nacional	07 Castilla y León	09 Burgos	Mujeres	2023	178.778
Total Nacional	07 Castilla y León	09 Burgos	Mujeres	2022	177.337
Total Nacional	07 Castilla y León	09 Burgos	Mujeres	2021	178.002
Total Nacional	07 Castilla y León	24 León	Total	2024	447.802
Total Nacional	07 Castilla y León	24 León	Total	2023	448.573
Total Nacional	07 Castilla y León	24 León	Total	2022	449.270
Total Nacional	07 Castilla y León	24 León	Total	2021	452.435
Total Nacional	07 Castilla y León	24 León	Hombres	2024	217.825
Total Nacional	07 Castilla y León	24 León	Hombres	2023	218.038
Total Nacional	07 Castilla y León	24 León	Hombres	2022	218.430
Total Nacional	07 Castilla y León	24 León	Hombres	2021	220.034
Total Nacional	07 Castilla y León	24 León	Mujeres	2024	229.977
Total Nacional	07 Castilla y León	24 León	Mujeres	2023	230.535
Total Nacional	07 Castilla y León	24 León	Mujeres	2022	230.840
Total Nacional	07 Castilla y León	24 León	Mujeres	2021	232.401
Total Nacional	07 Castilla y León	34 Palencia	Total	2024	158.063
Total Nacional	07 Castilla y León	34 Palencia	Total	2023	157.787
Total Nacional	07 Castilla y León	34 Palencia	Total	2022	157.993
Total Nacional	07 Castilla y León	34 Palencia	Total	2021	159.146
Total Nacional	07 Castilla y León	34 Palencia	Hombres	2024	78.343
Total Nacional	07 Castilla y León	34 Palencia	Hombres	2023	78.125
Total Nacional	07 Castilla y León	34 Palencia	Hombres	2022	78.316
Total Nacional	07 Castilla y León	34 Palencia	Hombres	2021	78.883
Total Nacional	07 Castilla y León	34 Palencia	Mujeres	2024	79.720
Total Nacional	07 Castilla y León	34 Palencia	Mujeres	2023	79.662
Total Nacional	07 Castilla y León	34 Palencia	Mujeres	2022	79.677
Total Nacional	07 Castilla y León	34 Palencia	Mujeres	2021	80.263
Total Nacional	07 Castilla y León	37 Salamanca	Total	2024	327.552
Total Nacional	07 Castilla y León	37 Salamanca	Total	2023	327.089
Total Nacional	07 Castilla y León	37 Salamanca	Total	2022	326.285
Total Nacional	07 Castilla y León	37 Salamanca	Total	2021	327.735
Total Nacional	07 Castilla y León	37 Salamanca	Hombres	2024	158.694
Total Nacional	07 Castilla y León	37 Salamanca	Hombres	2023	158.779
Total Nacional	07 Castilla y León	37 Salamanca	Hombres	2022	158.487
Total Nacional	07 Castilla y León	37 Salamanca	Hombres	2021	159.202
Total Nacional	07 Castilla y León	37 Salamanca	Mujeres	2024	168.858
Total Nacional	07 Castilla y León	37 Salamanca	Mujeres	2023	168.310
Total Nacional	07 Castilla y León	37 Salamanca	Mujeres	2022	167.798
Total Nacional	07 Castilla y León	37 Salamanca	Mujeres	2021	168.533
Total Nacional	07 Castilla y León	40 Segovia	Total	2024	156.620
Total Nacional	07 Castilla y León	40 Segovia	Total	2023	155.332
Total Nacional	07 Castilla y León	40 Segovia	Total	2022	153.731
Total Nacional	07 Castilla y León	40 Segovia	Total	2021	153.626
Total Nacional	07 Castilla y León	40 Segovia	Hombres	2024	78.509
Total Nacional	07 Castilla y León	40 Segovia	Hombres	2023	77.867
Total Nacional	07 Castilla y León	40 Segovia	Hombres	2022	77.203
Total Nacional	07 Castilla y León	40 Segovia	Hombres	2021	77.152
Total Nacional	07 Castilla y León	40 Segovia	Mujeres	2024	78.111
Total Nacional	07 Castilla y León	40 Segovia	Mujeres	2023	77.465
Total Nacional	07 Castilla y León	40 Segovia	Mujeres	2022	76.528
Total Nacional	07 Castilla y León	40 Segovia	Mujeres	2021	76.474
Total Nacional	07 Castilla y León	42 Soria	Total	2024	90.073
Total Nacional	07 Castilla y León	42 Soria	Total	2023	89.528
Total Nacional	07 Castilla y León	42 Soria	Total	2022	88.330
Total Nacional	07 Castilla y León	42 Soria	Total	2021	88.796
Total Nacional	07 Castilla y León	42 Soria	Hombres	2024	45.733
Total Nacional	07 Castilla y León	42 Soria	Hombres	2023	45.396
Total Nacional	07 Castilla y León	42 Soria	Hombres	2022	44.754
Total Nacional	07 Castilla y León	42 Soria	Hombres	2021	44.939
Total Nacional	07 Castilla y León	42 Soria	Mujeres	2024	44.340
Total Nacional	07 Castilla y León	42 Soria	Mujeres	2023	44.132
Total Nacional	07 Castilla y León	42 Soria	Mujeres	2022	43.576
Total Nacional	07 Castilla y León	42 Soria	Mujeres	2021	43.857
Total Nacional	07 Castilla y León	47 Valladolid	Total	2024	525.116
Total Nacional	07 Castilla y León	47 Valladolid	Total	2023	521.333
Total Nacional	07 Castilla y León	47 Valladolid	Total	2022	518.158
Total Nacional	07 Castilla y León	47 Valladolid	Total	2021	519.380
Total Nacional	07 Castilla y León	47 Valladolid	Hombres	2024	255.534
Total Nacional	07 Castilla y León	47 Valladolid	Hombres	2023	253.708
Total Nacional	07 Castilla y León	47 Valladolid	Hombres	2022	252.298
Total Nacional	07 Castilla y León	47 Valladolid	Hombres	2021	252.999
Total Nacional	07 Castilla y León	47 Valladolid	Mujeres	2024	269.582
Total Nacional	07 Castilla y León	47 Valladolid	Mujeres	2023	267.625
Total Nacional	07 Castilla y León	47 Valladolid	Mujeres	2022	265.860
Total Nacional	07 Castilla y León	47 Valladolid	Mujeres	2021	266.381
Total Nacional	07 Castilla y León	49 Zamora	Total	2024	166.253
Total Nacional	07 Castilla y León	49 Zamora	Total	2023	166.927
Total Nacional	07 Castilla y León	49 Zamora	Total	2022	167.868
Total Nacional	07 Castilla y León	49 Zamora	Total	2021	169.165
Total Nacional	07 Castilla y León	49 Zamora	Hombres	2024	82.447
Total Nacional	07 Castilla y León	49 Zamora	Hombres	2023	82.770
Total Nacional	07 Castilla y León	49 Zamora	Hombres	2022	83.170
Total Nacional	07 Castilla y León	49 Zamora	Hombres	2021	83.824
Total Nacional	07 Castilla y León	49 Zamora	Mujeres	2024	83.806
Total Nacional	07 Castilla y León	49 Zamora	Mujeres	2023	84.157
Total Nacional	07 Castilla y León	49 Zamora	Mujeres	2022	84.698
Total Nacional	07 Castilla y León	49 Zamora	Mujeres	2021	85.341
Total Nacional	08 Castilla - La Mancha		Total	2024	2.104.433
Total Nacional	08 Castilla - La Mancha		Total	2023	2.084.086
Total Nacional	08 Castilla - La Mancha		Total	2022	2.058.278
Total Nacional	08 Castilla - La Mancha		Total	2021	2.052.505
Total Nacional	08 Castilla - La Mancha		Hombres	2024	1.055.223
Total Nacional	08 Castilla - La Mancha		Hombres	2023	1.045.115
Total Nacional	08 Castilla - La Mancha		Hombres	2022	1.031.732
Total Nacional	08 Castilla - La Mancha		Hombres	2021	1.028.696
Total Nacional	08 Castilla - La Mancha		Mujeres	2024	1.049.210
Total Nacional	08 Castilla - La Mancha		Mujeres	2023	1.038.971
Total Nacional	08 Castilla - La Mancha		Mujeres	2022	1.026.546
Total Nacional	08 Castilla - La Mancha		Mujeres	2021	1.023.809
Total Nacional	08 Castilla - La Mancha	02 Albacete	Total	2024	389.070
Total Nacional	08 Castilla - La Mancha	02 Albacete	Total	2023	387.529
Total Nacional	08 Castilla - La Mancha	02 Albacete	Total	2022	385.967
Total Nacional	08 Castilla - La Mancha	02 Albacete	Total	2021	386.726
Total Nacional	08 Castilla - La Mancha	02 Albacete	Hombres	2024	194.761
Total Nacional	08 Castilla - La Mancha	02 Albacete	Hombres	2023	194.012
Total Nacional	08 Castilla - La Mancha	02 Albacete	Hombres	2022	193.236
Total Nacional	08 Castilla - La Mancha	02 Albacete	Hombres	2021	193.487
Total Nacional	08 Castilla - La Mancha	02 Albacete	Mujeres	2024	194.309
Total Nacional	08 Castilla - La Mancha	02 Albacete	Mujeres	2023	193.517
Total Nacional	08 Castilla - La Mancha	02 Albacete	Mujeres	2022	192.731
Total Nacional	08 Castilla - La Mancha	02 Albacete	Mujeres	2021	193.239
Total Nacional	08 Castilla - La Mancha	13 Ciudad Real	Total	2024	492.948
Total Nacional	08 Castilla - La Mancha	13 Ciudad Real	Total	2023	491.927
Total Nacional	08 Castilla - La Mancha	13 Ciudad Real	Total	2022	490.950
Total Nacional	08 Castilla - La Mancha	13 Ciudad Real	Total	2021	492.900
Total Nacional	08 Castilla - La Mancha	13 Ciudad Real	Hombres	2024	244.437
Total Nacional	08 Castilla - La Mancha	13 Ciudad Real	Hombres	2023	243.873
Total Nacional	08 Castilla - La Mancha	13 Ciudad Real	Hombres	2022	243.274
Total Nacional	08 Castilla - La Mancha	13 Ciudad Real	Hombres	2021	244.112
Total Nacional	08 Castilla - La Mancha	13 Ciudad Real	Mujeres	2024	248.511
Total Nacional	08 Castilla - La Mancha	13 Ciudad Real	Mujeres	2023	248.054
Total Nacional	08 Castilla - La Mancha	13 Ciudad Real	Mujeres	2022	247.676
Total Nacional	08 Castilla - La Mancha	13 Ciudad Real	Mujeres	2021	248.788
Total Nacional	08 Castilla - La Mancha	16 Cuenca	Total	2024	199.025
Total Nacional	08 Castilla - La Mancha	16 Cuenca	Total	2023	198.436
Total Nacional	08 Castilla - La Mancha	16 Cuenca	Total	2022	196.640
Total Nacional	08 Castilla - La Mancha	16 Cuenca	Total	2021	196.510
Total Nacional	08 Castilla - La Mancha	16 Cuenca	Hombres	2024	100.365
Total Nacional	08 Castilla - La Mancha	16 Cuenca	Hombres	2023	99.934
Total Nacional	08 Castilla - La Mancha	16 Cuenca	Hombres	2022	98.835
Total Nacional	08 Castilla - La Mancha	16 Cuenca	Hombres	2021	98.748
Total Nacional	08 Castilla - La Mancha	16 Cuenca	Mujeres	2024	98.660
Total Nacional	08 Castilla - La Mancha	16 Cuenca	Mujeres	2023	98.502
Total Nacional	08 Castilla - La Mancha	16 Cuenca	Mujeres	2022	97.805
Total Nacional	08 Castilla - La Mancha	16 Cuenca	Mujeres	2021	97.762
Total Nacional	08 Castilla - La Mancha	19 Guadalajara	Total	2024	280.225
Total Nacional	08 Castilla - La Mancha	19 Guadalajara	Total	2023	275.082
Total Nacional	08 Castilla - La Mancha	19 Guadalajara	Total	2022	268.412
Total Nacional	08 Castilla - La Mancha	19 Guadalajara	Total	2021	265.969
Total Nacional	08 Castilla - La Mancha	19 Guadalajara	Hombres	2024	142.037
Total Nacional	08 Castilla - La Mancha	19 Guadalajara	Hombres	2023	139.416
Total Nacional	08 Castilla - La Mancha	19 Guadalajara	Hombres	2022	136.128
Total Nacional	08 Castilla - La Mancha	19 Guadalajara	Hombres	2021	134.874
Total Nacional	08 Castilla - La Mancha	19 Guadalajara	Mujeres	2024	138.188
Total Nacional	08 Castilla - La Mancha	19 Guadalajara	Mujeres	2023	135.666
Total Nacional	08 Castilla - La Mancha	19 Guadalajara	Mujeres	2022	132.284
Total Nacional	08 Castilla - La Mancha	19 Guadalajara	Mujeres	2021	131.095
Total Nacional	08 Castilla - La Mancha	45 Toledo	Total	2024	743.165
Total Nacional	08 Castilla - La Mancha	45 Toledo	Total	2023	731.112
Total Nacional	08 Castilla - La Mancha	45 Toledo	Total	2022	716.309
Total Nacional	08 Castilla - La Mancha	45 Toledo	Total	2021	710.400
Total Nacional	08 Castilla - La Mancha	45 Toledo	Hombres	2024	373.623
Total Nacional	08 Castilla - La Mancha	45 Toledo	Hombres	2023	367.880
Total Nacional	08 Castilla - La Mancha	45 Toledo	Hombres	2022	360.259
Total Nacional	08 Castilla - La Mancha	45 Toledo	Hombres	2021	357.475
Total Nacional	08 Castilla - La Mancha	45 Toledo	Mujeres	2024	369.542
Total Nacional	08 Castilla - La Mancha	45 Toledo	Mujeres	2023	363.232
Total Nacional	08 Castilla - La Mancha	45 Toledo	Mujeres	2022	356.050
Total Nacional	08 Castilla - La Mancha	45 Toledo	Mujeres	2021	352.925
Total Nacional	09 Cataluña		Total	2024	8.012.231
Total Nacional	09 Cataluña		Total	2023	7.901.963
Total Nacional	09 Cataluña		Total	2022	7.761.823
Total Nacional	09 Cataluña		Total	2021	7.749.896
Total Nacional	09 Cataluña		Hombres	2024	3.943.698
Total Nacional	09 Cataluña		Hombres	2023	3.887.223
Total Nacional	09 Cataluña		Hombres	2022	3.820.173
Total Nacional	09 Cataluña		Hombres	2021	3.814.823
Total Nacional	09 Cataluña		Mujeres	2024	4.068.533
Total Nacional	09 Cataluña		Mujeres	2023	4.014.740
Total Nacional	09 Cataluña		Mujeres	2022	3.941.650
Total Nacional	09 Cataluña		Mujeres	2021	3.935.073
Total Nacional	09 Cataluña	08 Barcelona	Total	2024	5.877.672
Total Nacional	09 Cataluña	08 Barcelona	Total	2023	5.797.356
Total Nacional	09 Cataluña	08 Barcelona	Total	2022	5.699.602
Total Nacional	09 Cataluña	08 Barcelona	Total	2021	5.702.262
Total Nacional	09 Cataluña	08 Barcelona	Hombres	2024	2.870.721
Total Nacional	09 Cataluña	08 Barcelona	Hombres	2023	2.830.260
Total Nacional	09 Cataluña	08 Barcelona	Hombres	2022	2.783.698
Total Nacional	09 Cataluña	08 Barcelona	Hombres	2021	2.785.890
Total Nacional	09 Cataluña	08 Barcelona	Mujeres	2024	3.006.951
Total Nacional	09 Cataluña	08 Barcelona	Mujeres	2023	2.967.096
Total Nacional	09 Cataluña	08 Barcelona	Mujeres	2022	2.915.904
Total Nacional	09 Cataluña	08 Barcelona	Mujeres	2021	2.916.372
Total Nacional	09 Cataluña	17 Girona	Total	2024	821.108
Total Nacional	09 Cataluña	17 Girona	Total	2023	808.672
Total Nacional	09 Cataluña	17 Girona	Total	2022	790.432
Total Nacional	09 Cataluña	17 Girona	Total	2021	784.941
Total Nacional	09 Cataluña	17 Girona	Hombres	2024	411.347
Total Nacional	09 Cataluña	17 Girona	Hombres	2023	404.692
Total Nacional	09 Cataluña	17 Girona	Hombres	2022	396.258
Total Nacional	09 Cataluña	17 Girona	Hombres	2021	393.369
Total Nacional	09 Cataluña	17 Girona	Mujeres	2024	409.761
Total Nacional	09 Cataluña	17 Girona	Mujeres	2023	403.980
Total Nacional	09 Cataluña	17 Girona	Mujeres	2022	394.174
Total Nacional	09 Cataluña	17 Girona	Mujeres	2021	391.572
Total Nacional	09 Cataluña	25 Lleida	Total	2024	451.707
Total Nacional	09 Cataluña	25 Lleida	Total	2023	447.343
Total Nacional	09 Cataluña	25 Lleida	Total	2022	440.883
Total Nacional	09 Cataluña	25 Lleida	Total	2021	439.258
Total Nacional	09 Cataluña	25 Lleida	Hombres	2024	231.053
Total Nacional	09 Cataluña	25 Lleida	Hombres	2023	228.557
Total Nacional	09 Cataluña	25 Lleida	Hombres	2022	225.105
Total Nacional	09 Cataluña	25 Lleida	Hombres	2021	224.011
Total Nacional	09 Cataluña	25 Lleida	Mujeres	2024	220.654
Total Nacional	09 Cataluña	25 Lleida	Mujeres	2023	218.786
Total Nacional	09 Cataluña	25 Lleida	Mujeres	2022	215.778
Total Nacional	09 Cataluña	25 Lleida	Mujeres	2021	215.247
Total Nacional	09 Cataluña	43 Tarragona	Total	2024	861.744
Total Nacional	09 Cataluña	43 Tarragona	Total	2023	848.592
Total Nacional	09 Cataluña	43 Tarragona	Total	2022	830.906
Total Nacional	09 Cataluña	43 Tarragona	Total	2021	823.435
Total Nacional	09 Cataluña	43 Tarragona	Hombres	2024	430.577
Total Nacional	09 Cataluña	43 Tarragona	Hombres	2023	423.714
Total Nacional	09 Cataluña	43 Tarragona	Hombres	2022	415.112
Total Nacional	09 Cataluña	43 Tarragona	Hombres	2021	411.553
Total Nacional	09 Cataluña	43 Tarragona	Mujeres	2024	431.167
Total Nacional	09 Cataluña	43 Tarragona	Mujeres	2023	424.878
Total Nacional	09 Cataluña	43 Tarragona	Mujeres	2022	415.794
Total Nacional	09 Cataluña	43 Tarragona	Mujeres	2021	411.882
Total Nacional	10 Comunitat Valenciana		Total	2024	5.319.285
Total Nacional	10 Comunitat Valenciana		Total	2023	5.216.195
Total Nacional	10 Comunitat Valenciana		Total	2022	5.108.116
Total Nacional	10 Comunitat Valenciana		Total	2021	5.067.911
Total Nacional	10 Comunitat Valenciana		Hombres	2024	2.615.852
Total Nacional	10 Comunitat Valenciana		Hombres	2023	2.565.926
Total Nacional	10 Comunitat Valenciana		Hombres	2022	2.516.724
Total Nacional	10 Comunitat Valenciana		Hombres	2021	2.497.752
Total Nacional	10 Comunitat Valenciana		Mujeres	2024	2.703.433
Total Nacional	10 Comunitat Valenciana		Mujeres	2023	2.650.269
Total Nacional	10 Comunitat Valenciana		Mujeres	2022	2.591.392
Total Nacional	10 Comunitat Valenciana		Mujeres	2021	2.570.159
Total Nacional	10 Comunitat Valenciana	03 Alicante/Alacant	Total	2024	1.993.289
Total Nacional	10 Comunitat Valenciana	03 Alicante/Alacant	Total	2023	1.955.268
Total Nacional	10 Comunitat Valenciana	03 Alicante/Alacant	Total	2022	1.907.494
Total Nacional	10 Comunitat Valenciana	03 Alicante/Alacant	Total	2021	1.887.036
Total Nacional	10 Comunitat Valenciana	03 Alicante/Alacant	Hombres	2024	984.792
Total Nacional	10 Comunitat Valenciana	03 Alicante/Alacant	Hombres	2023	966.477
Total Nacional	10 Comunitat Valenciana	03 Alicante/Alacant	Hombres	2022	945.114
Total Nacional	10 Comunitat Valenciana	03 Alicante/Alacant	Hombres	2021	935.234
Total Nacional	10 Comunitat Valenciana	03 Alicante/Alacant	Mujeres	2024	1.008.497
Total Nacional	10 Comunitat Valenciana	03 Alicante/Alacant	Mujeres	2023	988.791
Total Nacional	10 Comunitat Valenciana	03 Alicante/Alacant	Mujeres	2022	962.380
Total Nacional	10 Comunitat Valenciana	03 Alicante/Alacant	Mujeres	2021	951.802
Total Nacional	10 Comunitat Valenciana	12 Castellón/Castelló	Total	2024	615.188
Total Nacional	10 Comunitat Valenciana	12 Castellón/Castelló	Total	2023	604.086
Total Nacional	10 Comunitat Valenciana	12 Castellón/Castelló	Total	2022	591.300
Total Nacional	10 Comunitat Valenciana	12 Castellón/Castelló	Total	2021	587.632
Total Nacional	10 Comunitat Valenciana	12 Castellón/Castelló	Hombres	2024	305.611
Total Nacional	10 Comunitat Valenciana	12 Castellón/Castelló	Hombres	2023	299.780
Total Nacional	10 Comunitat Valenciana	12 Castellón/Castelló	Hombres	2022	293.616
Total Nacional	10 Comunitat Valenciana	12 Castellón/Castelló	Hombres	2021	291.857
Total Nacional	10 Comunitat Valenciana	12 Castellón/Castelló	Mujeres	2024	309.577
Total Nacional	10 Comunitat Valenciana	12 Castellón/Castelló	Mujeres	2023	304.306
Total Nacional	10 Comunitat Valenciana	12 Castellón/Castelló	Mujeres	2022	297.684
Total Nacional	10 Comunitat Valenciana	12 Castellón/Castelló	Mujeres	2021	295.775
Total Nacional	10 Comunitat Valenciana	46 Valencia/València	Total	2024	2.710.808
Total Nacional	10 Comunitat Valenciana	46 Valencia/València	Total	2023	2.656.841
Total Nacional	10 Comunitat Valenciana	46 Valencia/València	Total	2022	2.609.322
Total Nacional	10 Comunitat Valenciana	46 Valencia/València	Total	2021	2.593.243
Total Nacional	10 Comunitat Valenciana	46 Valencia/València	Hombres	2024	1.325.449
Total Nacional	10 Comunitat Valenciana	46 Valencia/València	Hombres	2023	1.299.669
Total Nacional	10 Comunitat Valenciana	46 Valencia/València	Hombres	2022	1.277.994
Total Nacional	10 Comunitat Valenciana	46 Valencia/València	Hombres	2021	1.270.661
Total Nacional	10 Comunitat Valenciana	46 Valencia/València	Mujeres	2024	1.385.359
Total Nacional	10 Comunitat Valenciana	46 Valencia/València	Mujeres	2023	1.357.172
Total Nacional	10 Comunitat Valenciana	46 Valencia/València	Mujeres	2022	1.331.328
Total Nacional	10 Comunitat Valenciana	46 Valencia/València	Mujeres	2021	1.322.582
Total Nacional	11 Extremadura		Total	2024	1.054.681
Total Nacional	11 Extremadura		Total	2023	1.054.306
Total Nacional	11 Extremadura		Total	2022	1.056.808
Total Nacional	11 Extremadura		Total	2021	1.061.636
Total Nacional	11 Extremadura		Hombres	2024	521.677
Total Nacional	11 Extremadura		Hombres	2023	521.626
Total Nacional	11 Extremadura		Hombres	2022	523.255
Total Nacional	11 Extremadura		Hombres	2021	525.843
Total Nacional	11 Extremadura		Mujeres	2024	533.004
Total Nacional	11 Extremadura		Mujeres	2023	532.680
Total Nacional	11 Extremadura		Mujeres	2022	533.553
Total Nacional	11 Extremadura		Mujeres	2021	535.793
Total Nacional	11 Extremadura	06 Badajoz	Total	2024	666.029
Total Nacional	11 Extremadura	06 Badajoz	Total	2023	666.049
Total Nacional	11 Extremadura	06 Badajoz	Total	2022	667.851
Total Nacional	11 Extremadura	06 Badajoz	Total	2021	671.092
Total Nacional	11 Extremadura	06 Badajoz	Hombres	2024	328.932
Total Nacional	11 Extremadura	06 Badajoz	Hombres	2023	329.118
Total Nacional	11 Extremadura	06 Badajoz	Hombres	2022	330.178
Total Nacional	11 Extremadura	06 Badajoz	Hombres	2021	331.856
Total Nacional	11 Extremadura	06 Badajoz	Mujeres	2024	337.097
Total Nacional	11 Extremadura	06 Badajoz	Mujeres	2023	336.931
Total Nacional	11 Extremadura	06 Badajoz	Mujeres	2022	337.673
Total Nacional	11 Extremadura	06 Badajoz	Mujeres	2021	339.236
Total Nacional	11 Extremadura	10 Cáceres	Total	2024	388.652
Total Nacional	11 Extremadura	10 Cáceres	Total	2023	388.257
Total Nacional	11 Extremadura	10 Cáceres	Total	2022	388.957
Total Nacional	11 Extremadura	10 Cáceres	Total	2021	390.544
Total Nacional	11 Extremadura	10 Cáceres	Hombres	2024	192.745
Total Nacional	11 Extremadura	10 Cáceres	Hombres	2023	192.508
Total Nacional	11 Extremadura	10 Cáceres	Hombres	2022	193.077
Total Nacional	11 Extremadura	10 Cáceres	Hombres	2021	193.987
Total Nacional	11 Extremadura	10 Cáceres	Mujeres	2024	195.907
Total Nacional	11 Extremadura	10 Cáceres	Mujeres	2023	195.749
Total Nacional	11 Extremadura	10 Cáceres	Mujeres	2022	195.880
Total Nacional	11 Extremadura	10 Cáceres	Mujeres	2021	196.557
Total Nacional	12 Galicia		Total	2024	2.705.833
Total Nacional	12 Galicia		Total	2023	2.699.424
Total Nacional	12 Galicia		Total	2022	2.692.825
Total Nacional	12 Galicia		Total	2021	2.698.177
Total Nacional	12 Galicia		Hombres	2024	1.301.744
Total Nacional	12 Galicia		Hombres	2023	1.299.064
Total Nacional	12 Galicia		Hombres	2022	1.296.582
Total Nacional	12 Galicia		Hombres	2021	1.299.491
Total Nacional	12 Galicia		Mujeres	2024	1.404.089
Total Nacional	12 Galicia		Mujeres	2023	1.400.360
Total Nacional	12 Galicia		Mujeres	2022	1.396.243
Total Nacional	12 Galicia		Mujeres	2021	1.398.686
Total Nacional	12 Galicia	15 Coruña, A	Total	2024	1.128.449
Total Nacional	12 Galicia	15 Coruña, A	Total	2023	1.123.884
Total Nacional	12 Galicia	15 Coruña, A	Total	2022	1.119.164
Total Nacional	12 Galicia	15 Coruña, A	Total	2021	1.120.501
Total Nacional	12 Galicia	15 Coruña, A	Hombres	2024	540.524
Total Nacional	12 Galicia	15 Coruña, A	Hombres	2023	538.523
Total Nacional	12 Galicia	15 Coruña, A	Hombres	2022	536.697
Total Nacional	12 Galicia	15 Coruña, A	Hombres	2021	537.361
Total Nacional	12 Galicia	15 Coruña, A	Mujeres	2024	587.925
Total Nacional	12 Galicia	15 Coruña, A	Mujeres	2023	585.361
Total Nacional	12 Galicia	15 Coruña, A	Mujeres	2022	582.467
Total Nacional	12 Galicia	15 Coruña, A	Mujeres	2021	583.140
Total Nacional	12 Galicia	27 Lugo	Total	2024	325.048
Total Nacional	12 Galicia	27 Lugo	Total	2023	324.267
Total Nacional	12 Galicia	27 Lugo	Total	2022	324.240
Total Nacional	12 Galicia	27 Lugo	Total	2021	326.068
Total Nacional	12 Galicia	27 Lugo	Hombres	2024	157.715
Total Nacional	12 Galicia	27 Lugo	Hombres	2023	157.332
Total Nacional	12 Galicia	27 Lugo	Hombres	2022	157.157
Total Nacional	12 Galicia	27 Lugo	Hombres	2021	158.003
Total Nacional	12 Galicia	27 Lugo	Mujeres	2024	167.333
Total Nacional	12 Galicia	27 Lugo	Mujeres	2023	166.935
Total Nacional	12 Galicia	27 Lugo	Mujeres	2022	167.083
Total Nacional	12 Galicia	27 Lugo	Mujeres	2021	168.065
Total Nacional	12 Galicia	32 Ourense	Total	2024	304.467
Total Nacional	12 Galicia	32 Ourense	Total	2023	304.563
Total Nacional	12 Galicia	32 Ourense	Total	2022	304.223
Total Nacional	12 Galicia	32 Ourense	Total	2021	305.297
Total Nacional	12 Galicia	32 Ourense	Hombres	2024	146.181
Total Nacional	12 Galicia	32 Ourense	Hombres	2023	146.271
Total Nacional	12 Galicia	32 Ourense	Hombres	2022	146.112
Total Nacional	12 Galicia	32 Ourense	Hombres	2021	146.630
Total Nacional	12 Galicia	32 Ourense	Mujeres	2024	158.286
Total Nacional	12 Galicia	32 Ourense	Mujeres	2023	158.292
Total Nacional	12 Galicia	32 Ourense	Mujeres	2022	158.111
Total Nacional	12 Galicia	32 Ourense	Mujeres	2021	158.667
Total Nacional	12 Galicia	36 Pontevedra	Total	2024	947.869
Total Nacional	12 Galicia	36 Pontevedra	Total	2023	946.710
Total Nacional	12 Galicia	36 Pontevedra	Total	2022	945.198
Total Nacional	12 Galicia	36 Pontevedra	Total	2021	946.311
Total Nacional	12 Galicia	36 Pontevedra	Hombres	2024	457.324
Total Nacional	12 Galicia	36 Pontevedra	Hombres	2023	456.938
Total Nacional	12 Galicia	36 Pontevedra	Hombres	2022	456.616
Total Nacional	12 Galicia	36 Pontevedra	Hombres	2021	457.497
Total Nacional	12 Galicia	36 Pontevedra	Mujeres	2024	490.545
Total Nacional	12 Galicia	36 Pontevedra	Mujeres	2023	489.772
Total Nacional	12 Galicia	36 Pontevedra	Mujeres	2022	488.582
Total Nacional	12 Galicia	36 Pontevedra	Mujeres	2021	488.814
Total Nacional	13 Madrid, Comunidad de		Total	2024	7.009.268
Total Nacional	13 Madrid, Comunidad de		Total	2023	6.871.903
Total Nacional	13 Madrid, Comunidad de		Total	2022	6.743.254
Total Nacional	13 Madrid, Comunidad de		Total	2021	6.726.640
Total Nacional	13 Madrid, Comunidad de		Hombres	2024	3.356.163
Total Nacional	13 Madrid, Comunidad de		Hombres	2023	3.288.197
Total Nacional	13 Madrid, Comunidad de		Hombres	2022	3.229.127
Total Nacional	13 Madrid, Comunidad de		Hombres	2021	3.221.401
Total Nacional	13 Madrid, Comunidad de		Mujeres	2024	3.653.105
Total Nacional	13 Madrid, Comunidad de		Mujeres	2023	3.583.706
Total Nacional	13 Madrid, Comunidad de		Mujeres	2022	3.514.127
Total Nacional	13 Madrid, Comunidad de		Mujeres	2021	3.505.239
Total Nacional	13 Madrid, Comunidad de	28 Madrid	Total	2024	7.009.268
Total Nacional	13 Madrid, Comunidad de	28 Madrid	Total	2023	6.871.903
Total Nacional	13 Madrid, Comunidad de	28 Madrid	Total	2022	6.743.254
Total Nacional	13 Madrid, Comunidad de	28 Madrid	Total	2021	6.726.640
Total Nacional	13 Madrid, Comunidad de	28 Madrid	Hombres	2024	3.356.163
Total Nacional	13 Madrid, Comunidad de	28 Madrid	Hombres	2023	3.288.197
Total Nacional	13 Madrid, Comunidad de	28 Madrid	Hombres	2022	3.229.127
Total Nacional	13 Madrid, Comunidad de	28 Madrid	Hombres	2021	3.221.401
Total Nacional	13 Madrid, Comunidad de	28 Madrid	Mujeres	2024	3.653.105
Total Nacional	13 Madrid, Comunidad de	28 Madrid	Mujeres	2023	3.583.706
Total Nacional	13 Madrid, Comunidad de	28 Madrid	Mujeres	2022	3.514.127
Total Nacional	13 Madrid, Comunidad de	28 Madrid	Mujeres	2021	3.505.239
Total Nacional	14 Murcia, Región de		Total	2024	1.568.492
Total Nacional	14 Murcia, Región de		Total	2023	1.551.692
Total Nacional	14 Murcia, Región de		Total	2022	1.529.658
Total Nacional	14 Murcia, Región de		Total	2021	1.518.279
Total Nacional	14 Murcia, Región de		Hombres	2024	786.038
Total Nacional	14 Murcia, Región de		Hombres	2023	777.819
Total Nacional	14 Murcia, Región de		Hombres	2022	767.117
Total Nacional	14 Murcia, Región de		Hombres	2021	760.831
Total Nacional	14 Murcia, Región de		Mujeres	2024	782.454
Total Nacional	14 Murcia, Región de		Mujeres	2023	773.873
Total Nacional	14 Murcia, Región de		Mujeres	2022	762.541
Total Nacional	14 Murcia, Región de		Mujeres	2021	757.448
Total Nacional	14 Murcia, Región de	30 Murcia	Total	2024	1.568.492
Total Nacional	14 Murcia, Región de	30 Murcia	Total	2023	1.551.692
Total Nacional	14 Murcia, Región de	30 Murcia	Total	2022	1.529.658
Total Nacional	14 Murcia, Región de	30 Murcia	Total	2021	1.518.279
Total Nacional	14 Murcia, Región de	30 Murcia	Hombres	2024	786.038
Total Nacional	14 Murcia, Región de	30 Murcia	Hombres	2023	777.819
Total Nacional	14 Murcia, Región de	30 Murcia	Hombres	2022	767.117
Total Nacional	14 Murcia, Región de	30 Murcia	Hombres	2021	760.831
Total Nacional	14 Murcia, Región de	30 Murcia	Mujeres	2024	782.454
Total Nacional	14 Murcia, Región de	30 Murcia	Mujeres	2023	773.873
Total Nacional	14 Murcia, Región de	30 Murcia	Mujeres	2022	762.541
Total Nacional	14 Murcia, Región de	30 Murcia	Mujeres	2021	757.448
Total Nacional	15 Navarra, Comunidad Foral de		Total	2024	678.333
Total Nacional	15 Navarra, Comunidad Foral de		Total	2023	672.155
Total Nacional	15 Navarra, Comunidad Foral de		Total	2022	664.514
Total Nacional	15 Navarra, Comunidad Foral de		Total	2021	662.032
Total Nacional	15 Navarra, Comunidad Foral de		Hombres	2024	335.919
Total Nacional	15 Navarra, Comunidad Foral de		Hombres	2023	332.575
Total Nacional	15 Navarra, Comunidad Foral de		Hombres	2022	329.064
Total Nacional	15 Navarra, Comunidad Foral de		Hombres	2021	327.940
Total Nacional	15 Navarra, Comunidad Foral de		Mujeres	2024	342.414
Total Nacional	15 Navarra, Comunidad Foral de		Mujeres	2023	339.580
Total Nacional	15 Navarra, Comunidad Foral de		Mujeres	2022	335.450
Total Nacional	15 Navarra, Comunidad Foral de		Mujeres	2021	334.092
Total Nacional	15 Navarra, Comunidad Foral de	31 Navarra	Total	2024	678.333
Total Nacional	15 Navarra, Comunidad Foral de	31 Navarra	Total	2023	672.155
Total Nacional	15 Navarra, Comunidad Foral de	31 Navarra	Total	2022	664.514
Total Nacional	15 Navarra, Comunidad Foral de	31 Navarra	Total	2021	662.032
Total Nacional	15 Navarra, Comunidad Foral de	31 Navarra	Hombres	2024	335.919
Total Nacional	15 Navarra, Comunidad Foral de	31 Navarra	Hombres	2023	332.575
Total Nacional	15 Navarra, Comunidad Foral de	31 Navarra	Hombres	2022	329.064
Total Nacional	15 Navarra, Comunidad Foral de	31 Navarra	Hombres	2021	327.940
Total Nacional	15 Navarra, Comunidad Foral de	31 Navarra	Mujeres	2024	342.414
Total Nacional	15 Navarra, Comunidad Foral de	31 Navarra	Mujeres	2023	339.580
Total Nacional	15 Navarra, Comunidad Foral de	31 Navarra	Mujeres	2022	335.450
Total Nacional	15 Navarra, Comunidad Foral de	31 Navarra	Mujeres	2021	334.092
Total Nacional	16 País Vasco		Total	2024	2.227.684
Total Nacional	16 País Vasco		Total	2023	2.216.302
Total Nacional	16 País Vasco		Total	2022	2.205.826
Total Nacional	16 País Vasco		Total	2021	2.212.628
Total Nacional	16 País Vasco		Hombres	2024	1.083.488
Total Nacional	16 País Vasco		Hombres	2023	1.077.504
Total Nacional	16 País Vasco		Hombres	2022	1.072.491
Total Nacional	16 País Vasco		Hombres	2021	1.075.982
Total Nacional	16 País Vasco		Mujeres	2024	1.144.196
Total Nacional	16 País Vasco		Mujeres	2023	1.138.798
Total Nacional	16 País Vasco		Mujeres	2022	1.133.335
Total Nacional	16 País Vasco		Mujeres	2021	1.136.646
Total Nacional	16 País Vasco	01 Araba/Álava	Total	2024	338.594
Total Nacional	16 País Vasco	01 Araba/Álava	Total	2023	336.308
Total Nacional	16 País Vasco	01 Araba/Álava	Total	2022	333.908
Total Nacional	16 País Vasco	01 Araba/Álava	Total	2021	333.485
Total Nacional	16 País Vasco	01 Araba/Álava	Hombres	2024	166.667
Total Nacional	16 País Vasco	01 Araba/Álava	Hombres	2023	165.600
Total Nacional	16 País Vasco	01 Araba/Álava	Hombres	2022	164.410
Total Nacional	16 País Vasco	01 Araba/Álava	Hombres	2021	164.299
Total Nacional	16 País Vasco	01 Araba/Álava	Mujeres	2024	171.927
Total Nacional	16 País Vasco	01 Araba/Álava	Mujeres	2023	170.708
Total Nacional	16 País Vasco	01 Araba/Álava	Mujeres	2022	169.498
Total Nacional	16 País Vasco	01 Araba/Álava	Mujeres	2021	169.186
Total Nacional	16 País Vasco	20 Gipuzkoa	Total	2024	729.722
Total Nacional	16 País Vasco	20 Gipuzkoa	Total	2023	726.712
Total Nacional	16 País Vasco	20 Gipuzkoa	Total	2022	723.241
Total Nacional	16 País Vasco	20 Gipuzkoa	Total	2021	725.508
Total Nacional	16 País Vasco	20 Gipuzkoa	Hombres	2024	356.298
Total Nacional	16 País Vasco	20 Gipuzkoa	Hombres	2023	354.758
Total Nacional	16 País Vasco	20 Gipuzkoa	Hombres	2022	353.333
Total Nacional	16 País Vasco	20 Gipuzkoa	Hombres	2021	354.493
Total Nacional	16 País Vasco	20 Gipuzkoa	Mujeres	2024	373.424
Total Nacional	16 País Vasco	20 Gipuzkoa	Mujeres	2023	371.954
Total Nacional	16 País Vasco	20 Gipuzkoa	Mujeres	2022	369.908
Total Nacional	16 País Vasco	20 Gipuzkoa	Mujeres	2021	371.015
Total Nacional	16 País Vasco	48 Bizkaia	Total	2024	1.159.368
Total Nacional	16 País Vasco	48 Bizkaia	Total	2023	1.153.282
Total Nacional	16 País Vasco	48 Bizkaia	Total	2022	1.148.677
Total Nacional	16 País Vasco	48 Bizkaia	Total	2021	1.153.635
Total Nacional	16 País Vasco	48 Bizkaia	Hombres	2024	560.523
Total Nacional	16 País Vasco	48 Bizkaia	Hombres	2023	557.146
Total Nacional	16 País Vasco	48 Bizkaia	Hombres	2022	554.748
Total Nacional	16 País Vasco	48 Bizkaia	Hombres	2021	557.190
Total Nacional	16 País Vasco	48 Bizkaia	Mujeres	2024	598.845
Total Nacional	16 País Vasco	48 Bizkaia	Mujeres	2023	596.136
Total Nacional	16 País Vasco	48 Bizkaia	Mujeres	2022	593.929
Total Nacional	16 País Vasco	48 Bizkaia	Mujeres	2021	596.445
Total Nacional	17 Rioja, La		Total	2024	324.184
Total Nacional	17 Rioja, La		Total	2023	322.282
Total Nacional	17 Rioja, La		Total	2022	319.617
Total Nacional	17 Rioja, La		Total	2021	319.444
Total Nacional	17 Rioja, La		Hombres	2024	159.979
Total Nacional	17 Rioja, La		Hombres	2023	159.151
Total Nacional	17 Rioja, La		Hombres	2022	157.875
Total Nacional	17 Rioja, La		Hombres	2021	157.763
Total Nacional	17 Rioja, La		Mujeres	2024	164.205
Total Nacional	17 Rioja, La		Mujeres	2023	163.131
Total Nacional	17 Rioja, La		Mujeres	2022	161.742
Total Nacional	17 Rioja, La		Mujeres	2021	161.681
Total Nacional	17 Rioja, La	26 Rioja, La	Total	2024	324.184
Total Nacional	17 Rioja, La	26 Rioja, La	Total	2023	322.282
Total Nacional	17 Rioja, La	26 Rioja, La	Total	2022	319.617
Total Nacional	17 Rioja, La	26 Rioja, La	Total	2021	319.444
Total Nacional	17 Rioja, La	26 Rioja, La	Hombres	2024	159.979
Total Nacional	17 Rioja, La	26 Rioja, La	Hombres	2023	159.151
Total Nacional	17 Rioja, La	26 Rioja, La	Hombres	2022	157.875
Total Nacional	17 Rioja, La	26 Rioja, La	Hombres	2021	157.763
Total Nacional	17 Rioja, La	26 Rioja, La	Mujeres	2024	164.205
Total Nacional	17 Rioja, La	26 Rioja, La	Mujeres	2023	163.131
Total Nacional	17 Rioja, La	26 Rioja, La	Mujeres	2022	161.742
Total Nacional	17 Rioja, La	26 Rioja, La	Mujeres	2021	161.681
Total Nacional	18 Ceuta		Total	2024	83.179
Total Nacional	18 Ceuta		Total	2023	83.052
Total Nacional	18 Ceuta		Total	2022	83.051
Total Nacional	18 Ceuta		Total	2021	84.071
Total Nacional	18 Ceuta		Hombres	2024	41.957
Total Nacional	18 Ceuta		Hombres	2023	41.897
Total Nacional	18 Ceuta		Hombres	2022	41.908
Total Nacional	18 Ceuta		Hombres	2021	42.536
Total Nacional	18 Ceuta		Mujeres	2024	41.222
Total Nacional	18 Ceuta		Mujeres	2023	41.155
Total Nacional	18 Ceuta		Mujeres	2022	41.143
Total Nacional	18 Ceuta		Mujeres	2021	41.535
Total Nacional	18 Ceuta	51 Ceuta	Total	2024	83.179
Total Nacional	18 Ceuta	51 Ceuta	Total	2023	83.052
Total Nacional	18 Ceuta	51 Ceuta	Total	2022	83.051
Total Nacional	18 Ceuta	51 Ceuta	Total	2021	84.071
Total Nacional	18 Ceuta	51 Ceuta	Hombres	2024	41.957
Total Nacional	18 Ceuta	51 Ceuta	Hombres	2023	41.897
Total Nacional	18 Ceuta	51 Ceuta	Hombres	2022	41.908
Total Nacional	18 Ceuta	51 Ceuta	Hombres	2021	42.536
Total Nacional	18 Ceuta	51 Ceuta	Mujeres	2024	41.222
Total Nacional	18 Ceuta	51 Ceuta	Mujeres	2023	41.155
Total Nacional	18 Ceuta	51 Ceuta	Mujeres	2022	41.143
Total Nacional	18 Ceuta	51 Ceuta	Mujeres	2021	41.535
Total Nacional	19 Melilla		Total	2024	85.985
Total Nacional	19 Melilla		Total	2023	85.493
Total Nacional	19 Melilla		Total	2022	84.932
Total Nacional	19 Melilla		Total	2021	86.450
Total Nacional	19 Melilla		Hombres	2024	43.252
Total Nacional	19 Melilla		Hombres	2023	43.162
Total Nacional	19 Melilla		Hombres	2022	42.978
Total Nacional	19 Melilla		Hombres	2021	43.823
Total Nacional	19 Melilla		Mujeres	2024	42.733
Total Nacional	19 Melilla		Mujeres	2023	42.331
Total Nacional	19 Melilla		Mujeres	2022	41.954
Total Nacional	19 Melilla		Mujeres	2021	42.627
Total Nacional	19 Melilla	52 Melilla	Total	2024	85.985
Total Nacional	19 Melilla	52 Melilla	Total	2023	85.493
Total Nacional	19 Melilla	52 Melilla	Total	2022	84.932
Total Nacional	19 Melilla	52 Melilla	Total	2021	86.450
Total Nacional	19 Melilla	52 Melilla	Hombres	2024	43.252
Total Nacional	19 Melilla	52 Melilla	Hombres	2023	43.162
Total Nacional	19 Melilla	52 Melilla	Hombres	2022	42.978
Total Nacional	19 Melilla	52 Melilla	Hombres	2021	43.823
Total Nacional	19 Melilla	52 Melilla	Mujeres	2024	42.733
Total Nacional	19 Melilla	52 Melilla	Mujeres	2023	42.331
Total Nacional	19 Melilla	52 Melilla	Mujeres	2022	41.954
Total Nacional	19 Melilla	52 Melilla	Mujeres	2021	42.627
